feature_id,feature_direction,trace_label,rank,activation,problem_id,trace_id,position,token,context
25190,short,long,1,9.375,hf-000250,hf-000250:qwen2p5_7b:unconstrained_sample_pool:candidate_13,227,Answer,60 = 360 pounds  Answer: The weights felt like 360 pounds
25190,short,long,2,9.375,hf-001510,hf-001510:qwen2p5_7b:unconstrained_sample_pool:candidate_00,242,Answer,times 20 = 10\).  Answer: There are 10 junior girls on the
25190,short,long,3,9.125,hf-000250,hf-000250:qwen2p5_7b:unconstrained_sample_pool:candidate_10,235,Answer,60 pounds = 360 pounds.  Answer: The weights felt 360 pounds when
25190,short,long,4,9.0625,hf-001099,hf-001099:qwen2p5_7b:unconstrained_sample_pool:candidate_04,247,Answer,}{20} = 10\).  Answer: The hot dog stand needs to run for
25190,short,long,5,9.0625,hf-001510,hf-001510:qwen2p5_7b:unconstrained_sample_pool:candidate_01,218,Answer,20 = 10 senior girls.  Answer: 10 junior girls.
25190,short,long,6,9.0,hf-000209,hf-000209:qwen2p5_7b:unconstrained_sample_pool:candidate_08,194,Answer,80 \text{ girls}      \]  Answer: 80
25190,short,long,7,9.0,hf-000209,hf-000209:qwen2p5_7b:unconstrained_sample_pool:candidate_03,185,Answer,60 = 80    \]  Answer: 80 girls.
25190,short,long,8,9.0,hf-001898,hf-001898:qwen2p5_7b:unconstrained_sample_pool:candidate_04,248,Answer,8 minutes/batch = 80 minutes.  Answer: 80 minutes
25190,short,long,9,9.0,hf-000250,hf-000250:qwen2p5_7b:unconstrained_sample_pool:candidate_06,243,Answer,60 \text{ pounds}    \]  Answer: The weights felt 360 pounds when
25190,short,long,10,8.9375,hf-000028,hf-000028:qwen2p5_7b:unconstrained_sample_pool:candidate_04,240,Answer,\text{ gnomes}      \]  Answer: The fifth house has 8 gnomes
25190,short,long,11,8.9375,hf-000493,hf-000493:qwen2p5_7b:unconstrained_sample_pool:candidate_13,261,Answer,00 \text{ dollars}      \]  Answer: The money used to pay for the party expenses
25190,short,long,12,8.9375,hf-000584,hf-000584:qwen2p5_7b:unconstrained_sample_pool:candidate_08,252,Answer,4 + 8 = 12 \).  Answer: Robin ate 12 cupcakes.
11432,long,long,1,15.375,hf-001314,hf-001314:qwen2p5_7b:unconstrained_sample_pool:candidate_11,85,Rate,given by the formula: \[ \text{Rate} = \frac{\text{Distance}}{\
11432,long,long,2,14.9375,hf-001301,hf-001301:qwen2p5_7b:unconstrained_sample_pool:candidate_09,111,width,wall: \( 8 \text{ tiles (width)} \times 20 \text{ tiles
11432,long,long,3,14.75,hf-000635,hf-000635:qwen2p5_7b:unconstrained_sample_pool:candidate_05,223,total,\[      25 \text{ (total)} - 7 \text{ (sold)}
11432,long,long,4,14.75,hf-001057,hf-001057:qwen2p5_7b:unconstrained_sample_pool:candidate_10,106,▁gallons,[   \frac{20 \text{ gallons}}{80 \text{ containers}} =
11432,long,long,5,14.6875,hf-000635,hf-000635:qwen2p5_7b:unconstrained_sample_pool:candidate_13,210,total,\[      25 \text{ (total)} - 7 \text{ (sold)}
11432,long,long,6,14.5625,hf-000055,hf-000055:qwen2p5_7b:unconstrained_sample_pool:candidate_14,96,es,"= 25 \, \text{(roses)} + 40 \, \text{("
11432,long,long,7,14.3125,hf-000635,hf-000635:qwen2p5_7b:unconstrained_sample_pool:candidate_14,216,akes,25 \text{ (total cheesecakes)} - 7 \text{ (sold)}
11432,long,long,8,14.3125,hf-001431,hf-001431:qwen2p5_7b:unconstrained_sample_pool:candidate_03,83,Speed,"for speed, which is:  \[ \text{Speed} = \frac{\text{Distance}}{\"
11432,long,long,9,14.1875,hf-001314,hf-001314:qwen2p5_7b:unconstrained_sample_pool:candidate_06,81,Rate,be calculated using the formula: \[ \text{Rate} = \frac{\text{Distance}}{\
11432,long,long,10,14.1875,hf-001634,hf-001634:qwen2p5_7b:unconstrained_sample_pool:candidate_12,166,Profit,Total profit = \( x \times (\text{Profit per cup}) \)    - We want the
11432,long,long,11,14.125,hf-000055,hf-000055:qwen2p5_7b:unconstrained_sample_pool:candidate_00,103,es,} = 25 \text{ (roses)} + 40 \text{ (t
11432,long,long,12,14.125,hf-001057,hf-001057:qwen2p5_7b:unconstrained_sample_pool:candidate_13,121,▁gallons,} = \frac{20 \text{ gallons}}{80 \text{ containers}} =
5834,long,long,1,11.75,hf-000737,hf-000737:qwen2p5_7b:unconstrained_sample_pool:candidate_09,324,]\n\n,+ 3 = 15      \]  Answer: The total value of all the packs of
5834,long,long,2,11.6875,hf-000610,hf-000610:qwen2p5_7b:unconstrained_sample_pool:candidate_09,253,]\n\n,"00 = 640      \]  Therefore, the number of pies not eaten with forks"
5834,long,long,3,11.375,hf-000894,hf-000894:qwen2p5_7b:unconstrained_sample_pool:candidate_09,305,]\n,"4}{2} = 7      \]    - So, Nick has 7 Pennsylvania state"
5834,long,long,4,11.3125,hf-000894,hf-000894:qwen2p5_7b:unconstrained_sample_pool:candidate_12,280,]\n,"0.5 = 7      \]    - So, Nick has 7 Pennsylvania state"
5834,long,long,5,11.1875,hf-000894,hf-000894:qwen2p5_7b:unconstrained_sample_pool:candidate_12,278,▁▁▁▁,"\times 0.5 = 7      \]    - So, Nick has 7"
5834,long,long,6,11.0625,hf-000894,hf-000894:qwen2p5_7b:unconstrained_sample_pool:candidate_09,303,▁▁▁▁,"{14}{2} = 7      \]    - So, Nick has 7"
5834,long,long,7,11.0625,hf-001312,hf-001312:qwen2p5_7b:unconstrained_sample_pool:candidate_02,411,]\n\n,[      P = 70      \]  Answer: The cost of one printer is $7
5834,long,long,8,11.0,hf-000894,hf-000894:qwen2p5_7b:unconstrained_sample_pool:candidate_12,141,]\n,"0.4 = 14      \]    - So, Nick has 14 state"
5834,long,long,9,11.0,hf-001522,hf-001522:qwen2p5_7b:unconstrained_sample_pool:candidate_12,311,]\n\n,8}{2} = 9      \]  5. **Conclusion:**    - The baker
5834,long,long,10,10.9375,hf-000035,hf-000035:qwen2p5_7b:unconstrained_sample_pool:candidate_03,163,]\n,40 \times 60    \]    \[    = 24
5834,long,long,11,10.9375,hf-001312,hf-001312:qwen2p5_7b:unconstrained_sample_pool:candidate_14,413,]\n\n,[      p = 70      \]  Answer: The cost of one printer is $7
5834,long,long,12,10.9375,hf-001312,hf-001312:qwen2p5_7b:unconstrained_sample_pool:candidate_04,440,]\n\n,[      P = 70      \]  ### Final Answer: The cost of one printer is
12956,long,long,1,17.375,hf-000894,hf-000894:qwen2p5_7b:unconstrained_sample_pool:candidate_09,270,▁Performing,{1}{2}      \]    - Performing the multiplication:      \[      14
12956,long,long,2,17.125,hf-000536,hf-000536:qwen2p5_7b:unconstrained_sample_pool:candidate_14,204,▁into,"Substituting \( W = 7 \) into the equation for the dragon cake, we get:"
12956,long,long,3,16.625,hf-001423,hf-001423:qwen2p5_7b:unconstrained_sample_pool:candidate_09,308,uting,2 \times P \).    - Substituting the value of \( P \):      \[
12956,long,long,4,16.5,hf-001423,hf-001423:qwen2p5_7b:unconstrained_sample_pool:candidate_01,281,▁to,"number of countries Zack traveled to.    - According to the problem, \( Z = 2P \"
12956,long,long,5,16.375,hf-001335,hf-001335:qwen2p5_7b:unconstrained_sample_pool:candidate_08,176,ating,12 + 24 \).  Calculating this: \[ 12 + 24
12956,long,long,6,16.25,hf-000894,hf-000894:qwen2p5_7b:unconstrained_sample_pool:candidate_12,244,▁Calculate,{1}{2}      \]    - Calculate the multiplication:      \[      14
12956,long,long,7,16.125,hf-001314,hf-001314:qwen2p5_7b:unconstrained_sample_pool:candidate_00,209,ugging,Distance}}{\text{Speed}} \]  Plugging in the values:  \[ \text{Time}
12956,long,long,8,16.0,hf-000536,hf-000536:qwen2p5_7b:unconstrained_sample_pool:candidate_09,253,uting,+ 25 \).    - Substituting the value of \( W \):      \[
12956,long,long,9,15.75,hf-000894,hf-000894:qwen2p5_7b:unconstrained_sample_pool:candidate_08,285,▁perform,\frac{1}{2} \]  To perform the multiplication:  \[ 14 \times \
12956,long,long,10,15.6875,hf-001423,hf-001423:qwen2p5_7b:unconstrained_sample_pool:candidate_01,199,▁to,"number of countries Patrick traveled to.    - According to the problem, \( P = 3J \"
12956,long,long,11,15.3125,hf-000536,hf-000536:qwen2p5_7b:unconstrained_sample_pool:candidate_04,260,"),","- Substituting \( W = 7 \), we get \( D = 7 + 2"
12956,long,long,12,15.25,hf-001423,hf-001423:qwen2p5_7b:unconstrained_sample_pool:candidate_04,213,▁calculate,of countries Patrick traveled to.    - We can calculate this as:      \[      \text{
2329,long,long,1,16.25,hf-001682,hf-001682:qwen2p5_7b:unconstrained_sample_pool:candidate_08,222,0,"{ books} \times \$30,000/\text{book} = \$3,"
2329,long,long,2,15.9375,hf-001241,hf-001241:qwen2p5_7b:unconstrained_sample_pool:candidate_10,301,▁\,"}^3 \times 32 \, \text{m}^3      \]"
2329,long,long,3,15.5625,hf-000094,hf-000094:qwen2p5_7b:unconstrained_sample_pool:candidate_02,211,0,days to write 3 books that are 400 pages each.  Answer: 60 days
2329,long,long,4,15.375,hf-001839,hf-001839:qwen2p5_7b:unconstrained_sample_pool:candidate_04,354,0,{ pounds} \]  Answer: 6600 pounds
2329,long,long,5,15.375,hf-001241,hf-001241:qwen2p5_7b:unconstrained_sample_pool:candidate_03,313,},"= 32 \, \text{m}^3 \times 2700 \"
2329,long,long,6,15.3125,hf-001289,hf-001289:qwen2p5_7b:unconstrained_sample_pool:candidate_06,315,▁\,"$} + 1000 \, \text{\$} \] \[ \text{"
2329,long,long,7,15.0625,hf-000592,hf-000592:qwen2p5_7b:unconstrained_sample_pool:candidate_10,193,/k,"times 5 \, \text{liters/km} \]  \[ \text{Fuel for"
2329,long,long,8,15.0625,hf-001839,hf-001839:qwen2p5_7b:unconstrained_sample_pool:candidate_15,339,text,"ounds} + 600 \, \text{pounds} \] \[ \text{"
2329,long,long,9,14.8125,hf-001241,hf-001241:qwen2p5_7b:unconstrained_sample_pool:candidate_10,367,0,of the marble rectangular prism is 86400 kg.
2329,long,long,10,14.75,hf-000469,hf-000469:qwen2p5_7b:unconstrained_sample_pool:candidate_03,390,text,{ dollars} - 1600 \text{ dollars} = 6400 \
2329,long,long,11,14.75,hf-001947,hf-001947:qwen2p5_7b:unconstrained_sample_pool:candidate_05,211,▁jelly,jellybeans} + 18 \text{ jellybeans} = 54 \text{ jelly
2329,long,long,12,14.6875,hf-000094,hf-000094:qwen2p5_7b:unconstrained_sample_pool:candidate_05,213,0,).     \[    \frac{1200}{20} = 60 \
3934,long,long,1,13.0,hf-001049,hf-001049:qwen2p5_7b:unconstrained_sample_pool:candidate_12,295,[\n,times 23    \]    \[    M = 46    \]
3934,long,long,2,12.5625,hf-001049,hf-001049:qwen2p5_7b:unconstrained_sample_pool:candidate_05,316,[\n,times 23      \]      \[      \text{Mark's score} =
3934,long,long,3,12.5625,hf-000836,hf-000836:qwen2p5_7b:unconstrained_sample_pool:candidate_05,257,[\n,- 65    \]    \[    \text{Difference} = 81
3934,long,long,4,12.3125,hf-001634,hf-001634:qwen2p5_7b:unconstrained_sample_pool:candidate_11,336,[\n,00}{2}      \]      \[      x = 50      \]
3934,long,long,5,12.25,hf-001634,hf-001634:qwen2p5_7b:unconstrained_sample_pool:candidate_04,368,[\n,00}{2}      \]      \[      x = 50      \]
3934,long,long,6,12.0625,hf-001312,hf-001312:qwen2p5_7b:unconstrained_sample_pool:candidate_14,403,[\n,0}{25}      \]      \[      p = 70      \]
3934,long,long,7,12.0625,hf-001312,hf-001312:qwen2p5_7b:unconstrained_sample_pool:candidate_02,401,[\n,0}{25}      \]      \[      P = 70      \]
3934,long,long,8,12.0625,hf-001312,hf-001312:qwen2p5_7b:unconstrained_sample_pool:candidate_04,430,[\n,0}{25}      \]      \[      P = 70      \]
3934,long,long,9,12.0,hf-001301,hf-001301:qwen2p5_7b:unconstrained_sample_pool:candidate_11,227,[\n,160    \]     \[    \text{Total number of tiles} =
3934,long,long,10,11.875,hf-001049,hf-001049:qwen2p5_7b:unconstrained_sample_pool:candidate_02,333,[\n,times 23    \]    \[    M = 46    \]
3934,long,long,11,11.5,hf-001049,hf-001049:qwen2p5_7b:unconstrained_sample_pool:candidate_12,278,[\n,2 \times L    \]    \[    M = 2 \times 23
3934,long,long,12,11.25,hf-000035,hf-000035:qwen2p5_7b:unconstrained_sample_pool:candidate_03,286,[\n,- 24    \]    \[    = 36    \]  Answer
11983,short,long,1,6.375,hf-001466,hf-001466:qwen2p5_7b:unconstrained_sample_pool:candidate_11,204,Answer,will have barked 600 times.  Answer: 600
11983,short,long,2,6.3125,hf-001964,hf-001964:qwen2p5_7b:unconstrained_sample_pool:candidate_05,214,Answer,Maria orders 6 cups of coffee per day.  Answer: 6
11983,short,long,3,6.28125,hf-000894,hf-000894:qwen2p5_7b:unconstrained_sample_pool:candidate_12,293,Answer,"So, Nick has 7 Pennsylvania state quarters.  Answer: 7"
11983,short,long,4,6.28125,hf-000132,hf-000132:qwen2p5_7b:unconstrained_sample_pool:candidate_08,274,Answer,James paid $110 for the beef.  Answer: $110
11983,short,long,5,6.21875,hf-000294,hf-000294:qwen2p5_7b:unconstrained_sample_pool:candidate_03,203,Answer,"his purchases, Phillip has $50 left.  Answer: $50"
11983,short,long,6,6.21875,hf-001753,hf-001753:qwen2p5_7b:unconstrained_sample_pool:candidate_08,288,Answer,} = \$24.00\).  Answer: $24.00
11983,short,long,7,6.21875,hf-001898,hf-001898:qwen2p5_7b:unconstrained_sample_pool:candidate_15,243,Answer,8 = 80 \) minutes.  Answer: 80 minutes
11983,short,long,8,6.1875,hf-000094,hf-000094:qwen2p5_7b:unconstrained_sample_pool:candidate_07,216,Answer,books that are 400 pages each.  Answer: 60 days
11983,short,long,9,6.1875,hf-001988,hf-001988:qwen2p5_7b:unconstrained_sample_pool:candidate_08,233,Answer,100 = $1900.  Answer: Jackson has $1900 more than
11983,short,long,10,6.1875,hf-000294,hf-000294:qwen2p5_7b:unconstrained_sample_pool:candidate_13,210,Answer,"]  Therefore, Phillip has $50 left.  Answer: 50"
11983,short,long,11,6.1875,hf-001177,hf-001177:qwen2p5_7b:unconstrained_sample_pool:candidate_11,254,Answer,", James makes $640 each week.  Answer: 640"
11983,short,long,12,6.125,hf-001466,hf-001466:qwen2p5_7b:unconstrained_sample_pool:candidate_00,206,Answer,600 \text{ times}\).  Answer: 600
24176,long,long,1,12.5625,hf-000336,hf-000336:qwen2p5_7b:unconstrained_sample_pool:candidate_06,243,5,4 \text{ slices}    \]  5. **Calculate the number of slices remaining after giving
24176,long,long,2,12.5,hf-000336,hf-000336:qwen2p5_7b:unconstrained_sample_pool:candidate_08,289,5,4 \text{ slices}      \]  5. **Calculate the remaining slices after giving to family
24176,long,long,3,12.3125,hf-000336,hf-000336:qwen2p5_7b:unconstrained_sample_pool:candidate_08,217,4,12 \text{ slices}      \]  4. **Determine how many slices are given to
24176,long,long,4,12.1875,hf-001559,hf-001559:qwen2p5_7b:unconstrained_sample_pool:candidate_07,201,4,= 20 \text{ cents}\).  4. **Calculate the total cost for the red pens
24176,long,long,5,12.0625,hf-000072,hf-000072:qwen2p5_7b:unconstrained_sample_pool:candidate_04,302,4,\text{cubic feet}    \]  4. **Determine the volume of water after Nancy
24176,long,long,6,12.0625,hf-000336,hf-000336:qwen2p5_7b:unconstrained_sample_pool:candidate_06,182,4,12 \text{ slices}    \]  4. **Determine the number of slices given away
24176,long,long,7,11.9375,hf-000950,hf-000950:qwen2p5_7b:unconstrained_sample_pool:candidate_11,228,4,)} = \$300      \]  4. **Calculate the tax Theodore has to pay:
24176,long,long,8,11.9375,hf-000635,hf-000635:qwen2p5_7b:unconstrained_sample_pool:candidate_05,167,4,sold 7 cheesecakes from the display.  4. **Cheesecakes Remaining:**
24176,long,long,9,11.875,hf-000072,hf-000072:qwen2p5_7b:unconstrained_sample_pool:candidate_15,301,4,\text{cubic feet}      \]  4. **Determine the amount of water after Nancy
24176,long,long,10,11.875,hf-000209,hf-000209:qwen2p5_7b:unconstrained_sample_pool:candidate_06,114,4,that 60 of the students are boys.  4. **Calculate the number of girls:**
24176,long,long,11,11.875,hf-000950,hf-000950:qwen2p5_7b:unconstrained_sample_pool:candidate_09,228,4,)} = \$300      \]  4. **Calculate the taxes Theodore needs to pay:
24176,long,long,12,11.8125,hf-000054,hf-000054:qwen2p5_7b:unconstrained_sample_pool:candidate_03,229,5,12 \text{ dollars}    \]  5. **Account for the money left after the dog
23254,long,long,1,14.1875,hf-001283,hf-001283:qwen2p5_7b:unconstrained_sample_pool:candidate_07,227,▁Find,the higher-paid work.  **Step 3: Find the difference between the earnings from the higher-paid and
23254,long,long,2,13.5,hf-001283,hf-001283:qwen2p5_7b:unconstrained_sample_pool:candidate_15,189,▁Find,the higher-paid work.  **Step 3: Find the difference in earnings.** - Difference in earnings
23254,long,long,3,13.125,hf-000444,hf-000444:qwen2p5_7b:unconstrained_sample_pool:candidate_13,342,▁find,"text{ points}    \]  Now, we find the difference between his brother's total points and Reggie"
23254,long,long,4,13.0625,hf-001436,hf-001436:qwen2p5_7b:unconstrained_sample_pool:candidate_06,305,Calculate,text{ instruments}      \]  3. **Calculate the combined total number of musical instruments owned by Charlie
23254,long,long,5,13.0625,hf-001738,hf-001738:qwen2p5_7b:unconstrained_sample_pool:candidate_14,230,Find,text{ cherry pies} \).  4. **Find the difference between the number of apple pies and cherry
23254,long,long,6,12.6875,hf-001436,hf-001436:qwen2p5_7b:unconstrained_sample_pool:candidate_06,304,▁**,\text{ instruments}      \]  3. **Calculate the combined total number of musical instruments owned by
23254,long,long,7,12.375,hf-001458,hf-001458:qwen2p5_7b:unconstrained_sample_pool:candidate_10,282,**:,}    \] 5. **Total amount spent**: The total amount spent is the sum of the subtotal
23254,long,long,8,12.25,hf-001590,hf-001590:qwen2p5_7b:unconstrained_sample_pool:candidate_01,308,▁**,} = \$6      \]  5. **Calculate the amount of money John saves per day:
23254,long,long,9,12.1875,hf-001402,hf-001402:qwen2p5_7b:unconstrained_sample_pool:candidate_04,247,:,\]  3. **Calculate the total time:**    - Add the time spent on adult graves
23254,long,long,10,12.125,hf-000113,hf-000113:qwen2p5_7b:unconstrained_sample_pool:candidate_14,267,Final,her 40 marbles.  5. **Final number of marbles:**    Add the mar
23254,long,long,11,11.9375,hf-001738,hf-001738:qwen2p5_7b:unconstrained_sample_pool:candidate_06,255,▁**,\text{ pies}      \]  3. **Calculate the difference between the number of apple pies and
23254,long,long,12,11.9375,hf-001233,hf-001233:qwen2p5_7b:unconstrained_sample_pool:candidate_05,340,:,{miles} \]  ### Step 4: Sum the distances \[ \text{Total Distance
27482,long,long,1,9.875,hf-000444,hf-000444:qwen2p5_7b:unconstrained_sample_pool:candidate_08,236,▁(,free throws)} + 3 \text{ points (long shots)} = 10 \text{
27482,long,long,2,9.8125,hf-000391,hf-000391:qwen2p5_7b:unconstrained_sample_pool:candidate_07,163,▁(,(third degree)} + 2 \text{ (graduate degree)} \]  Performing the addition:
27482,long,long,3,9.8125,hf-000444,hf-000444:qwen2p5_7b:unconstrained_sample_pool:candidate_00,243,▁(,free throws)} + 3 \text{ points (long shots)} = 10 \text{
27482,long,long,4,9.8125,hf-000787,hf-000787:qwen2p5_7b:unconstrained_sample_pool:candidate_04,164,▁(,Mary's buckets)} + 6 \text{ (Iris's buckets)} = 17 \
27482,long,long,5,9.75,hf-000444,hf-000444:qwen2p5_7b:unconstrained_sample_pool:candidate_13,253,▁(,free throws)} + 3 \text{ points (long shots)} = 10 \text{
27482,long,long,6,9.5,hf-000950,hf-000950:qwen2p5_7b:unconstrained_sample_pool:candidate_09,214,▁(,statues)} + \$100 \text{ (wooden statues)} = \$300
27482,long,long,7,9.375,hf-001869,hf-001869:qwen2p5_7b:unconstrained_sample_pool:candidate_14,221,▁next,"the amounts from the first 8 weeks and the next 6 weeks: \[ 40 \,"
27482,long,long,8,9.3125,hf-000950,hf-000950:qwen2p5_7b:unconstrained_sample_pool:candidate_08,270,▁(,statues)} + \$100 \text{ (wooden statues)} = \$300
27482,long,long,9,9.3125,hf-000391,hf-000391:qwen2p5_7b:unconstrained_sample_pool:candidate_15,196,▁(,third degree)} + 2 \text{ years (graduate degree)} \]  Calculating the total:
27482,long,long,10,9.1875,hf-000625,hf-000625:qwen2p5_7b:unconstrained_sample_pool:candidate_03,190,▁in,cans on streets} + \text{Trash cans in back of stores} \] \[ \text{
27482,long,long,11,9.125,hf-000444,hf-000444:qwen2p5_7b:unconstrained_sample_pool:candidate_08,225,▁(,layups)} + 4 \text{ points (free throws)} + 3 \text{ points
27482,long,long,12,8.875,hf-000391,hf-000391:qwen2p5_7b:unconstrained_sample_pool:candidate_07,153,▁(,(second degree)} + 4 \text{ (third degree)} + 2 \text{ (
493,short,long,1,10.5,hf-000294,hf-000294:qwen2p5_7b:unconstrained_sample_pool:candidate_03,203,Answer,"his purchases, Phillip has $50 left.  Answer: $50"
493,short,long,2,10.5,hf-001068,hf-001068:qwen2p5_7b:unconstrained_sample_pool:candidate_04,257,Answer,+ 6 points = 14 points.  Answer: 14
493,short,long,3,10.5,hf-001285,hf-001285:qwen2p5_7b:unconstrained_sample_pool:candidate_15,266,Answer,of surfers = \( 60 \).  Answer: 60
493,short,long,4,10.5,hf-001545,hf-001545:qwen2p5_7b:unconstrained_sample_pool:candidate_07,264,Answer,30 = 70\) dollars.  Answer: 70
493,short,long,5,10.4375,hf-000625,hf-000625:qwen2p5_7b:unconstrained_sample_pool:candidate_14,275,Answer,+ 28 = 42\)  Answer: 42
493,short,long,6,10.4375,hf-000654,hf-000654:qwen2p5_7b:unconstrained_sample_pool:candidate_05,277,Answer,6 \text{ pennies}      \]  Answer: 96
493,short,long,7,10.4375,hf-001545,hf-001545:qwen2p5_7b:unconstrained_sample_pool:candidate_12,249,Answer,30 = 70 \) dollars.  Answer: 70
493,short,long,8,10.4375,hf-000649,hf-000649:qwen2p5_7b:unconstrained_sample_pool:candidate_08,401,Answer,}} = 2 \text{ dollars}\).  Answer: 2 dollars.
493,short,long,9,10.375,hf-000094,hf-000094:qwen2p5_7b:unconstrained_sample_pool:candidate_07,216,Answer,books that are 400 pages each.  Answer: 60 days
493,short,long,10,10.375,hf-001285,hf-001285:qwen2p5_7b:unconstrained_sample_pool:candidate_11,282,Answer,+ 40 = 60 \]  Answer: 60
493,short,long,11,10.375,hf-000180,hf-000180:qwen2p5_7b:unconstrained_sample_pool:candidate_14,254,Answer,0 = 360 \) dollars.  Answer: Derek has $360 left.
493,short,long,12,10.375,hf-000188,hf-000188:qwen2p5_7b:unconstrained_sample_pool:candidate_05,180,Answer,2 + 8 = 10 glasses.  Answer: 10
987,short,long,1,12.875,hf-001963,hf-001963:qwen2p5_7b:unconstrained_sample_pool:candidate_08,381,Answer,Christine saved $1152 this month.  Answer: $1152
987,short,long,2,12.8125,hf-001061,hf-001061:qwen2p5_7b:unconstrained_sample_pool:candidate_03,179,Answer,"]  Therefore, John Smith paid $18.  Answer: $18"
987,short,long,3,12.625,hf-000384,hf-000384:qwen2p5_7b:unconstrained_sample_pool:candidate_01,336,Answer,", Nico read 19 pages on Wednesday.  Answer: 19"
987,short,long,4,12.625,hf-000969,hf-000969:qwen2p5_7b:unconstrained_sample_pool:candidate_08,272,Answer,of frogs in both lakes is 81.  Answer: 81
987,short,long,5,12.5625,hf-001433,hf-001433:qwen2p5_7b:unconstrained_sample_pool:candidate_00,275,Answer,465 home runs in his career.  Answer: 465
987,short,long,6,12.5,hf-000294,hf-000294:qwen2p5_7b:unconstrained_sample_pool:candidate_03,203,Answer,"his purchases, Phillip has $50 left.  Answer: $50"
987,short,long,7,12.5,hf-001433,hf-001433:qwen2p5_7b:unconstrained_sample_pool:candidate_09,265,Answer,465 home runs in his career.  Answer: 465
987,short,long,8,12.5,hf-001003,hf-001003:qwen2p5_7b:unconstrained_sample_pool:candidate_14,261,Answer,the golf tournament is $1440.  Answer: $1440
987,short,long,9,12.5,hf-001478,hf-001478:qwen2p5_7b:unconstrained_sample_pool:candidate_11,285,Answer,of the tennis racket is $300.  Answer: $300
987,short,long,10,12.5,hf-000032,hf-000032:qwen2p5_7b:unconstrained_sample_pool:candidate_05,381,Answer,10 meters after the 3rd turn.  Answer: 10 meters
987,short,long,11,12.4375,hf-000384,hf-000384:qwen2p5_7b:unconstrained_sample_pool:candidate_05,401,Answer,read on Wednesday is \( 19 \).  Answer: 19
987,short,long,12,12.4375,hf-000610,hf-000610:qwen2p5_7b:unconstrained_sample_pool:candidate_09,270,Answer,not eaten with forks is 640.  Answer: 640
3240,short,long,1,21.875,hf-000610,hf-000610:qwen2p5_7b:unconstrained_sample_pool:candidate_09,270,Answer,not eaten with forks is 640.  Answer: 640
3240,short,long,2,21.875,hf-000132,hf-000132:qwen2p5_7b:unconstrained_sample_pool:candidate_08,274,Answer,James paid $110 for the beef.  Answer: $110
3240,short,long,3,21.875,hf-001794,hf-001794:qwen2p5_7b:unconstrained_sample_pool:candidate_05,255,Answer,"Therefore, Joshua's share is $30.  Answer: Joshua's share is $30."
3240,short,long,4,21.75,hf-000294,hf-000294:qwen2p5_7b:unconstrained_sample_pool:candidate_03,203,Answer,"his purchases, Phillip has $50 left.  Answer: $50"
3240,short,long,5,21.75,hf-000610,hf-000610:qwen2p5_7b:unconstrained_sample_pool:candidate_03,274,Answer,640 pies are not eaten with forks.  Answer: 640
3240,short,long,6,21.75,hf-001433,hf-001433:qwen2p5_7b:unconstrained_sample_pool:candidate_09,265,Answer,465 home runs in his career.  Answer: 465
3240,short,long,7,21.75,hf-001861,hf-001861:qwen2p5_7b:unconstrained_sample_pool:candidate_08,316,Answer,dogs on the street is 400.  Answer: 400
3240,short,long,8,21.75,hf-001433,hf-001433:qwen2p5_7b:unconstrained_sample_pool:candidate_00,275,Answer,465 home runs in his career.  Answer: 465
3240,short,long,9,21.75,hf-001061,hf-001061:qwen2p5_7b:unconstrained_sample_pool:candidate_03,179,Answer,"]  Therefore, John Smith paid $18.  Answer: $18"
3240,short,long,10,21.625,hf-001433,hf-001433:qwen2p5_7b:unconstrained_sample_pool:candidate_05,268,Answer,465 home runs in his career.  Answer: 465
3240,short,long,11,21.625,hf-000969,hf-000969:qwen2p5_7b:unconstrained_sample_pool:candidate_08,272,Answer,of frogs in both lakes is 81.  Answer: 81
3240,short,long,12,21.5,hf-000094,hf-000094:qwen2p5_7b:unconstrained_sample_pool:candidate_07,216,Answer,books that are 400 pages each.  Answer: 60 days
7541,short,long,1,9.375,hf-001233,hf-001233:qwen2p5_7b:unconstrained_sample_pool:candidate_04,421,Answer,"\, \text{miles} \]  Answer: 17 miles"
7541,short,long,2,9.3125,hf-001233,hf-001233:qwen2p5_7b:unconstrained_sample_pool:candidate_10,443,Answer,"\, \text{miles} \]  Answer: 17 miles"
7541,short,long,3,9.25,hf-001794,hf-001794:qwen2p5_7b:unconstrained_sample_pool:candidate_11,227,Answer,times 10 = 30 \]  Answer: Joshua's share is $30.
7541,short,long,4,9.25,hf-000787,hf-000787:qwen2p5_7b:unconstrained_sample_pool:candidate_03,208,Answer,34 \text{ pounds} \]  Answer: 34
7541,short,long,5,9.25,hf-001431,hf-001431:qwen2p5_7b:unconstrained_sample_pool:candidate_15,266,Answer,= 5 \text{ hours} \]  Answer: 5 hours
7541,short,long,6,9.1875,hf-001545,hf-001545:qwen2p5_7b:unconstrained_sample_pool:candidate_05,244,Answer,30 = 70 \] dollars  Answer: 70
7541,short,long,7,9.1875,hf-000787,hf-000787:qwen2p5_7b:unconstrained_sample_pool:candidate_04,232,Answer,34 \text{ pounds} \]  Answer: 34 pounds
7541,short,long,8,9.125,hf-000661,hf-000661:qwen2p5_7b:unconstrained_sample_pool:candidate_09,260,Answer,0 - 25 = 5 \]  Answer: 5 nuts were left.
7541,short,long,9,9.125,hf-001787,hf-001787:qwen2p5_7b:unconstrained_sample_pool:candidate_04,251,Answer,39 \text{ minutes} \]  Answer: 39
7541,short,long,10,9.125,hf-000132,hf-000132:qwen2p5_7b:unconstrained_sample_pool:candidate_13,244,Answer,"0 \, \text{\$} \]  Answer: James paid $110."
7541,short,long,11,9.125,hf-000625,hf-000625:qwen2p5_7b:unconstrained_sample_pool:candidate_14,275,Answer,+ 28 = 42\)  Answer: 42
7541,short,long,12,9.125,hf-001495,hf-001495:qwen2p5_7b:unconstrained_sample_pool:candidate_10,244,Answer,times 10 = \$45 \]  Answer: Sheryll paid $45 in all
10807,short,long,1,9.8125,hf-001947,hf-001947:qwen2p5_7b:unconstrained_sample_pool:candidate_02,198,Answer,+ 18 = 54 \]  Answer: 54
10807,short,long,2,9.8125,hf-001947,hf-001947:qwen2p5_7b:unconstrained_sample_pool:candidate_07,195,Answer,+ 18 = 54 \]  Answer: 54
10807,short,long,3,9.75,hf-001061,hf-001061:qwen2p5_7b:unconstrained_sample_pool:candidate_03,179,Answer,"]  Therefore, John Smith paid $18.  Answer: $18"
10807,short,long,4,9.625,hf-001964,hf-001964:qwen2p5_7b:unconstrained_sample_pool:candidate_05,214,Answer,Maria orders 6 cups of coffee per day.  Answer: 6
10807,short,long,5,9.625,hf-001794,hf-001794:qwen2p5_7b:unconstrained_sample_pool:candidate_14,221,Answer,"Therefore, Joshua's share is $30.  Answer: Joshua's share is $30."
10807,short,long,6,9.5625,hf-000342,hf-000342:qwen2p5_7b:unconstrained_sample_pool:candidate_14,176,Answer,55 minutes = 35 minutes.  Answer: 35 minutes
10807,short,long,7,9.5625,hf-001545,hf-001545:qwen2p5_7b:unconstrained_sample_pool:candidate_15,249,Answer,0 + $30 = $70  Answer: $70
10807,short,long,8,9.5625,hf-001556,hf-001556:qwen2p5_7b:unconstrained_sample_pool:candidate_08,174,Answer,"]  Therefore, 6 people ate the pizza.  Answer: 6"
10807,short,long,9,9.5625,hf-000342,hf-000342:qwen2p5_7b:unconstrained_sample_pool:candidate_06,190,Answer,35 \text{ minutes}    \]  Answer: 35 minutes
10807,short,long,10,9.5625,hf-001478,hf-001478:qwen2p5_7b:unconstrained_sample_pool:candidate_11,285,Answer,of the tennis racket is $300.  Answer: $300
10807,short,long,11,9.5625,hf-000086,hf-000086:qwen2p5_7b:unconstrained_sample_pool:candidate_11,218,Answer,"So, Peter bought 6 ounces of soda.  Answer: 6"
10807,short,long,12,9.5625,hf-000342,hf-000342:qwen2p5_7b:unconstrained_sample_pool:candidate_12,174,Answer,55 minutes = 35 minutes.  Answer: 35 minutes
26100,short,long,1,11.5,hf-001061,hf-001061:qwen2p5_7b:unconstrained_sample_pool:candidate_03,179,Answer,"]  Therefore, John Smith paid $18.  Answer: $18"
26100,short,long,2,11.3125,hf-001492,hf-001492:qwen2p5_7b:unconstrained_sample_pool:candidate_02,179,Answer,have 13 pairs of shoes in all.  Answer: 13
26100,short,long,3,11.125,hf-001675,hf-001675:qwen2p5_7b:unconstrained_sample_pool:candidate_05,243,Answer,of apples is 1700 pounds.  Answer: 1700 pounds
26100,short,long,4,11.0,hf-000342,hf-000342:qwen2p5_7b:unconstrained_sample_pool:candidate_09,200,Answer,was on the sideline for 35 minutes.  Answer: 35 minutes
26100,short,long,5,10.9375,hf-000294,hf-000294:qwen2p5_7b:unconstrained_sample_pool:candidate_02,221,Answer,"Therefore, Phillip has $50 left.  Answer: $50"
26100,short,long,6,10.875,hf-001556,hf-001556:qwen2p5_7b:unconstrained_sample_pool:candidate_09,167,Answer,").  Therefore, 6 people ate the pizza.  Answer: 6"
26100,short,long,7,10.8125,hf-000969,hf-000969:qwen2p5_7b:unconstrained_sample_pool:candidate_08,272,Answer,of frogs in both lakes is 81.  Answer: 81
26100,short,long,8,10.75,hf-000294,hf-000294:qwen2p5_7b:unconstrained_sample_pool:candidate_03,203,Answer,"his purchases, Phillip has $50 left.  Answer: $50"
26100,short,long,9,10.75,hf-000807,hf-000807:qwen2p5_7b:unconstrained_sample_pool:candidate_02,279,Answer,"4 \]  Therefore, the solution is correct.  Answer: David is 7 years old."
26100,short,long,10,10.75,hf-001963,hf-001963:qwen2p5_7b:unconstrained_sample_pool:candidate_08,381,Answer,Christine saved $1152 this month.  Answer: $1152
26100,short,long,11,10.6875,hf-001099,hf-001099:qwen2p5_7b:unconstrained_sample_pool:candidate_06,272,Answer,hours to make $200 in sales.  Answer: 10
26100,short,long,12,10.6875,hf-000384,hf-000384:qwen2p5_7b:unconstrained_sample_pool:candidate_01,336,Answer,", Nico read 19 pages on Wednesday.  Answer: 19"
5834,long,short,1,10.125,hf-000894,hf-000894:qwen2p5_7b:unconstrained_sample_pool:candidate_02,120,▁▁,"70}{5} = 14    \]     So, Nick has 14"
5834,long,short,2,10.0625,hf-000894,hf-000894:qwen2p5_7b:unconstrained_sample_pool:candidate_05,117,▁▁,"70}{5} = 14    \]    So, Nick has 14"
5834,long,short,3,9.8125,hf-000316,hf-000316:qwen2p5_7b:unconstrained_sample_pool:candidate_04,164,]\n\n,33 = 253      \]  Answer: The new price of the bicycle is $
5834,long,short,4,9.625,hf-000894,hf-000894:qwen2p5_7b:unconstrained_sample_pool:candidate_05,236,▁▁,"} \times 14 = 7    \]    So, Nick has 7 Pennsylvania"
5834,long,short,5,9.5625,hf-000894,hf-000894:qwen2p5_7b:unconstrained_sample_pool:candidate_02,232,▁▁,"5 \times 14 = 7    \]     So, Nick has 7 Pennsylvania"
5834,long,short,6,9.5625,hf-000536,hf-000536:qwen2p5_7b:unconstrained_sample_pool:candidate_00,231,▁▁,1 + 32 = 60    \]  Answer: 60
5834,long,short,7,9.5625,hf-000894,hf-000894:qwen2p5_7b:unconstrained_sample_pool:candidate_05,238,]\n,"times 14 = 7    \]    So, Nick has 7 Pennsylvania state quarters"
5834,long,short,8,9.375,hf-000035,hf-000035:qwen2p5_7b:unconstrained_sample_pool:candidate_07,203,]\n\n,60 = 36      \]  Answer: 36 students got a final grade
5834,long,short,9,9.3125,hf-001972,hf-001972:qwen2p5_7b:unconstrained_sample_pool:candidate_06,231,]\n\n,12 = 108    \]  Answer: The largest frog weighs 108
5834,long,short,10,9.1875,hf-001964,hf-001964:qwen2p5_7b:unconstrained_sample_pool:candidate_06,156,\n\n,- 2 × 3 = 6  Answer: Maria orders 6 cups of coffee per
5834,long,short,11,9.1875,hf-000894,hf-000894:qwen2p5_7b:unconstrained_sample_pool:candidate_05,119,]\n,"}{5} = 14    \]    So, Nick has 14 state quarters"
5834,long,short,12,9.1875,hf-001335,hf-001335:qwen2p5_7b:unconstrained_sample_pool:candidate_09,155,)\n\n,2 + 24 = 36\)  Answer: They collected 36 apples altogether.
2329,long,short,1,15.75,hf-001289,hf-001289:qwen2p5_7b:unconstrained_sample_pool:candidate_08,173,},'s gold is \(50 \text{ grams} \times \$20/\text{gram}
2329,long,short,2,15.625,hf-001241,hf-001241:qwen2p5_7b:unconstrained_sample_pool:candidate_13,253,^,"00 \, \text{kg/m}^3 \times 32 \, \text"
2329,long,short,3,15.5,hf-001839,hf-001839:qwen2p5_7b:unconstrained_sample_pool:candidate_12,297,0,{ pounds} \]  Answer: 6600 pounds
2329,long,short,4,15.3125,hf-000094,hf-000094:qwen2p5_7b:unconstrained_sample_pool:candidate_03,174,0,days to write 3 books that are 400 pages each.
2329,long,short,5,15.25,hf-000140,hf-000140:qwen2p5_7b:unconstrained_sample_pool:candidate_15,226,▁,Number of kids allowed: \( 50 - 25 = 25 \)  4.
2329,long,short,6,15.0,hf-001675,hf-001675:qwen2p5_7b:unconstrained_sample_pool:candidate_15,194,0,700 pounds  Answer: 1700 pounds
2329,long,short,7,15.0,hf-001289,hf-001289:qwen2p5_7b:unconstrained_sample_pool:candidate_15,164,},'s gold is \(50 \text{ grams} \times \$20/\text{gram}
2329,long,short,8,14.6875,hf-001682,hf-001682:qwen2p5_7b:unconstrained_sample_pool:candidate_10,175,0,"120 \times 30,000 = 3,600,0"
2329,long,short,9,14.5625,hf-001682,hf-001682:qwen2p5_7b:unconstrained_sample_pool:candidate_03,175,0,"120 \times 30,000 = 3,600,0"
2329,long,short,10,14.5,hf-001289,hf-001289:qwen2p5_7b:unconstrained_sample_pool:candidate_05,160,},'s gold is \(50 \text{ grams} \times \$20/\text{gram}
2329,long,short,11,14.4375,hf-001590,hf-001590:qwen2p5_7b:unconstrained_sample_pool:candidate_10,196,▁▁,.    - New daily cost = $6.    - Savings per day = Initial daily cost - New
2329,long,short,12,14.375,hf-000469,hf-000469:qwen2p5_7b:unconstrained_sample_pool:candidate_08,300,0,0 \).  Answer: Jackson spends \$6400 on champagne.
987,short,short,1,12.6875,hf-000054,hf-000054:qwen2p5_7b:unconstrained_sample_pool:candidate_04,217,Answer,", the amount Leah lost is $11.  Answer: 11"
987,short,short,2,12.5,hf-000384,hf-000384:qwen2p5_7b:unconstrained_sample_pool:candidate_03,191,Answer,", Nico read 19 pages on Wednesday.  Answer: 19"
987,short,short,3,12.4375,hf-001312,hf-001312:qwen2p5_7b:unconstrained_sample_pool:candidate_12,276,Answer,the cost of one printer is $70.  Answer: $70
987,short,short,4,12.375,hf-001433,hf-001433:qwen2p5_7b:unconstrained_sample_pool:candidate_10,183,Answer,465 home runs in his career.  Answer: 465
987,short,short,5,12.375,hf-001794,hf-001794:qwen2p5_7b:unconstrained_sample_pool:candidate_12,201,Answer,"Therefore, Joshua's share is $30.  Answer: $30"
987,short,short,6,12.375,hf-001430,hf-001430:qwen2p5_7b:unconstrained_sample_pool:candidate_06,178,Answer,there are 50 parents at the park.  Answer: 50
987,short,short,7,12.375,hf-000035,hf-000035:qwen2p5_7b:unconstrained_sample_pool:candidate_11,180,Answer,students got a final grade of B and above.  Answer: 36
987,short,short,8,12.375,hf-001861,hf-001861:qwen2p5_7b:unconstrained_sample_pool:candidate_09,202,Answer,dogs on the street is 400.  Answer: 400
987,short,short,9,12.3125,hf-000678,hf-000678:qwen2p5_7b:unconstrained_sample_pool:candidate_02,192,Answer,32 seconds to catch up to the ball.  Answer: 32 seconds
987,short,short,10,12.3125,hf-001794,hf-001794:qwen2p5_7b:unconstrained_sample_pool:candidate_13,196,Answer,"Therefore, Joshua's share is $30.  Answer: Joshua's share is $30."
987,short,short,11,12.3125,hf-000737,hf-000737:qwen2p5_7b:unconstrained_sample_pool:candidate_05,203,Answer,will have after the purchase is $15.  Answer: $15
987,short,short,12,12.3125,hf-001583,hf-001583:qwen2p5_7b:unconstrained_sample_pool:candidate_02,229,Answer,200 by choosing the two used computers.  Answer: $200
25190,short,short,1,9.4375,hf-000493,hf-000493:qwen2p5_7b:unconstrained_sample_pool:candidate_07,134,Answer,500 = $4500  Answer: The amount of money used to pay for the
25190,short,short,2,9.375,hf-001881,hf-001881:qwen2p5_7b:unconstrained_sample_pool:candidate_07,136,Answer,5 = 140\) berries.  Answer: 140
25190,short,short,3,9.375,hf-000681,hf-000681:qwen2p5_7b:unconstrained_sample_pool:candidate_00,169,Answer,2 hours/day = 90 days.  Answer: 90
25190,short,short,4,9.3125,hf-000992,hf-000992:qwen2p5_7b:unconstrained_sample_pool:candidate_11,151,Answer,= 15 \) cups of flour.  Answer: 15
25190,short,short,5,9.25,hf-000610,hf-000610:qwen2p5_7b:unconstrained_sample_pool:candidate_15,182,Answer,360 = 640 pies  Answer: 640 pies are not eaten with
25190,short,short,6,9.25,hf-001510,hf-001510:qwen2p5_7b:unconstrained_sample_pool:candidate_03,189,Answer,} = 10 \) junior girls.  Answer: 10
25190,short,short,7,9.1875,hf-000584,hf-000584:qwen2p5_7b:unconstrained_sample_pool:candidate_04,154,Answer,4 + 8 = 12  Answer: 12
25190,short,short,8,9.1875,hf-001415,hf-001415:qwen2p5_7b:unconstrained_sample_pool:candidate_05,159,Answer,294 \text{ dollars} \]  Answer: 294
25190,short,short,9,9.1875,hf-001556,hf-001556:qwen2p5_7b:unconstrained_sample_pool:candidate_01,133,Answer,2 \div 2 = 6\).  Answer: 6 people ate the pizza.
25190,short,short,10,9.1875,hf-000132,hf-000132:qwen2p5_7b:unconstrained_sample_pool:candidate_14,143,Answer,5.50 = $110  Answer: James paid $110 for the beef
25190,short,short,11,9.1875,hf-000493,hf-000493:qwen2p5_7b:unconstrained_sample_pool:candidate_06,150,Answer,500 = $4500.  Answer: The amount of money used to pay for the
25190,short,short,12,9.1875,hf-001256,hf-001256:qwen2p5_7b:unconstrained_sample_pool:candidate_00,179,Answer,vegetables per week = 116 vegetables  Answer: 116
11432,long,short,1,14.4375,hf-001314,hf-001314:qwen2p5_7b:unconstrained_sample_pool:candidate_03,27,Speed,is calculated using the formula:  \[ \text{Speed} = \frac{\text{Distance}}{\
11432,long,short,2,14.0625,hf-001314,hf-001314:qwen2p5_7b:unconstrained_sample_pool:candidate_14,185,Distance,text{Time} = \frac{\text{Distance}}{\text{Speed}} = \frac{
11432,long,short,3,14.0625,hf-001301,hf-001301:qwen2p5_7b:unconstrained_sample_pool:candidate_13,87,width,\[      8 \text{ tiles (width)} \times 20 \text{ tiles
11432,long,short,4,13.9375,hf-001301,hf-001301:qwen2p5_7b:unconstrained_sample_pool:candidate_10,149,▁wall,160 \text{ tiles (one wall)} \times 3 \text{ walls}
11432,long,short,5,13.875,hf-001314,hf-001314:qwen2p5_7b:unconstrained_sample_pool:candidate_07,185,Distance,text{Time} = \frac{\text{Distance}}{\text{Speed}} = \frac{
11432,long,short,6,13.6875,hf-001436,hf-001436:qwen2p5_7b:unconstrained_sample_pool:candidate_08,264,▁instruments,total: \(4 \text{ (Charlie's instruments)} + 3 \text{ (Carli
11432,long,short,7,13.625,hf-001314,hf-001314:qwen2p5_7b:unconstrained_sample_pool:candidate_14,82,Distance,text{Speed} = \frac{\text{Distance}}{\text{Time}} = \frac{
11432,long,short,8,13.625,hf-001301,hf-001301:qwen2p5_7b:unconstrained_sample_pool:candidate_13,170,▁wall,160 \text{ tiles (one wall)} \times 3 \text{ walls}
11432,long,short,9,13.625,hf-001314,hf-001314:qwen2p5_7b:unconstrained_sample_pool:candidate_07,86,Distance,text{Speed} = \frac{\text{Distance}}{\text{Time}} = \frac{
11432,long,short,10,13.625,hf-001431,hf-001431:qwen2p5_7b:unconstrained_sample_pool:candidate_08,79,Distance,text{Speed} = \frac{\text{Distance}}{\text{Time}} = \frac{
11432,long,short,11,13.5,hf-001431,hf-001431:qwen2p5_7b:unconstrained_sample_pool:candidate_01,78,Distance,text{Speed} = \frac{\text{Distance}}{\text{Time}} = \frac{
11432,long,short,12,13.5,hf-001436,hf-001436:qwen2p5_7b:unconstrained_sample_pool:candidate_02,263,▁instruments,instruments:  \[4 \text{ (Charlie's instruments)} + 3 \text{ (Carli
24176,long,short,1,12.125,hf-000762,hf-000762:qwen2p5_7b:unconstrained_sample_pool:candidate_05,169,4,40 pens = 60 pens.  4. **Calculate the number of pens given to classmates
24176,long,short,2,12.0,hf-000762,hf-000762:qwen2p5_7b:unconstrained_sample_pool:candidate_11,175,4,40 = 60    \]  4. **Calculate the number of pens given to classmates
24176,long,short,3,11.9375,hf-000762,hf-000762:qwen2p5_7b:unconstrained_sample_pool:candidate_06,179,4,- 40 = 60 pens.  4. **Calculate the number of pens given to her
24176,long,short,4,11.8125,hf-000054,hf-000054:qwen2p5_7b:unconstrained_sample_pool:candidate_15,203,5,12 = 12 \) dollars.  5. **Calculate the loss when the money was shredded
24176,long,short,5,11.75,hf-001869,hf-001869:qwen2p5_7b:unconstrained_sample_pool:candidate_04,248,5,6 ÷ 2 = $38.  5. **Calculate the remaining money after buying clothes:
24176,long,short,6,11.6875,hf-001869,hf-001869:qwen2p5_7b:unconstrained_sample_pool:candidate_09,255,5,/ 2 = $38.  Step 5: Calculate the remaining money after buying new clothes.
24176,long,short,7,11.625,hf-000054,hf-000054:qwen2p5_7b:unconstrained_sample_pool:candidate_15,159,4,2} = 12 \) dollars.  4. **Calculate the remaining money left in her wallet
24176,long,short,8,11.5625,hf-000469,hf-000469:qwen2p5_7b:unconstrained_sample_pool:candidate_01,199,4,= \$8000      \]  4. **Apply the 20% volume discount
24176,long,short,9,11.5,hf-001415,hf-001415:qwen2p5_7b:unconstrained_sample_pool:candidate_02,109,4,**    Each slice is sold for $7.  4. **Calculate the total revenue:**    \
24176,long,short,10,11.4375,hf-001411,hf-001411:qwen2p5_7b:unconstrained_sample_pool:candidate_09,154,4,- Required words: 400  4. **Calculate the number of words Leo has left
24176,long,short,11,11.375,hf-000469,hf-000469:qwen2p5_7b:unconstrained_sample_pool:candidate_11,215,4,= \$8000    \]  4. **Apply the 20% volume discount
24176,long,short,12,11.3125,hf-000054,hf-000054:qwen2p5_7b:unconstrained_sample_pool:candidate_04,162,5,4 - $12 = $12.  5. **Account for the money shredded by her dog
23254,long,short,1,14.25,hf-000444,hf-000444:qwen2p5_7b:unconstrained_sample_pool:candidate_03,249,▁find,"\[12\] points.  Now, we find the difference between the brother's points and Reggie's"
23254,long,short,2,13.6875,hf-001988,hf-001988:qwen2p5_7b:unconstrained_sample_pool:candidate_05,155,▁Find,investment value: $100  3. Find the difference between Jackson's and Brandon's final investment
23254,long,short,3,13.25,hf-001988,hf-001988:qwen2p5_7b:unconstrained_sample_pool:candidate_01,152,▁Find,= $100  Step 3: Find the difference between Jackson's and Brandon's final investment
23254,long,short,4,12.6875,hf-001988,hf-001988:qwen2p5_7b:unconstrained_sample_pool:candidate_14,149,Find,0 = $100  3. **Find the difference between Jackson's and Brandon's final investment
23254,long,short,5,12.6875,hf-001283,hf-001283:qwen2p5_7b:unconstrained_sample_pool:candidate_01,199,▁Find,second set of work.  **Step 3: Find the difference between the earnings from the two sets of
23254,long,short,6,12.5625,hf-001436,hf-001436:qwen2p5_7b:unconstrained_sample_pool:candidate_08,231,",","= 3 \text{ instruments}\)  Finally, we combine the totals to find the overall total number"
23254,long,short,7,12.4375,hf-001436,hf-001436:qwen2p5_7b:unconstrained_sample_pool:candidate_02,240,",","harps} = 3\) instruments.  Finally, we add the totals together to find the combined total"
23254,long,short,8,12.375,hf-001283,hf-001283:qwen2p5_7b:unconstrained_sample_pool:candidate_12,134,▁Find,= $10.  **Step 3: Find the difference in earnings.** - Difference in earnings
23254,long,short,9,11.9375,hf-001436,hf-001436:qwen2p5_7b:unconstrained_sample_pool:candidate_08,232,▁we,"3 \text{ instruments}\)  Finally, we combine the totals to find the overall total number of"
23254,long,short,10,11.8125,hf-001436,hf-001436:qwen2p5_7b:unconstrained_sample_pool:candidate_02,241,▁we,"ps} = 3\) instruments.  Finally, we add the totals together to find the combined total number"
23254,long,short,11,11.8125,hf-001738,hf-001738:qwen2p5_7b:unconstrained_sample_pool:candidate_01,166,Find,\text{ cherry pies}\).  3. **Find the difference between the number of apple pies and cherry
23254,long,short,12,11.6875,hf-001233,hf-001233:qwen2p5_7b:unconstrained_sample_pool:candidate_13,230,Total,5 hours = 2 miles  4. **Total Distance:**    - Sum of distances from each
12956,long,short,1,14.3125,hf-000444,hf-000444:qwen2p5_7b:unconstrained_sample_pool:candidate_05,196,▁for,"long shot is worth 3 points. So, for the long shots, he scores \(4 \times"
12956,long,short,2,13.75,hf-000536,hf-000536:qwen2p5_7b:unconstrained_sample_pool:candidate_01,122,▁represent,"for the witch cake. Let \( D \) represent the votes for the dragon cake. So, \("
12956,long,short,3,13.6875,hf-000894,hf-000894:qwen2p5_7b:unconstrained_sample_pool:candidate_02,164,▁find,"the state quarters are Pennsylvania quarters.    - To find the number of Pennsylvania quarters, we calculate \("
12956,long,short,4,13.5625,hf-000180,hf-000180:qwen2p5_7b:unconstrained_sample_pool:candidate_05,178,▁After,"0 = 120 \)    - After buying school supplies, he has: \( 4"
12956,long,short,5,13.5625,hf-000180,hf-000180:qwen2p5_7b:unconstrained_sample_pool:candidate_12,163,▁After,"= 120    \]    After buying school supplies, the remaining amount is:"
12956,long,short,6,13.25,hf-001918,hf-001918:qwen2p5_7b:unconstrained_sample_pool:candidate_00,109,▁Height,half the height of the previous bounce.    - Height after second bounce: \( \frac{48
12956,long,short,7,13.0,hf-000894,hf-000894:qwen2p5_7b:unconstrained_sample_pool:candidate_06,147,▁find,"the state quarters are Pennsylvania quarters.    - To find the number of Pennsylvania state quarters, we multiply the"
12956,long,short,8,12.75,hf-001295,hf-001295:qwen2p5_7b:unconstrained_sample_pool:candidate_12,160,/\,peaches} \times \$1.25/\text{peach} = \$5\)
12956,long,short,9,12.6875,hf-000815,hf-000815:qwen2p5_7b:unconstrained_sample_pool:candidate_02,153,Number,little sister.    \[    \text{Number of bracelets Bingley gives} = \frac
12956,long,short,10,12.6875,hf-001907,hf-001907:qwen2p5_7b:unconstrained_sample_pool:candidate_03,151,▁of,"mid-size model.    - Therefore, the length of the smallest model is:      \[      \"
12956,long,short,11,12.625,hf-000444,hf-000444:qwen2p5_7b:unconstrained_sample_pool:candidate_05,200,",","3 points. So, for the long shots, he scores \(4 \times 3 ="
12956,long,short,12,12.625,hf-001423,hf-001423:qwen2p5_7b:unconstrained_sample_pool:candidate_11,119,▁Number,the number of countries Joseph traveled to.    - Number of countries Patrick traveled to = \( 3 \
27482,long,short,1,9.1875,hf-001869,hf-001869:qwen2p5_7b:unconstrained_sample_pool:candidate_09,193,from,first 8 weeks) + $36 (from the next 6 weeks) = $76
27482,long,short,2,9.1875,hf-001869,hf-001869:qwen2p5_7b:unconstrained_sample_pool:candidate_09,195,▁next,8 weeks) + $36 (from the next 6 weeks) = $76.  Step
27482,long,short,3,8.9375,hf-000391,hf-000391:qwen2p5_7b:unconstrained_sample_pool:candidate_05,97,▁(,+ 4 (third degree) + 2 (graduate degree) = 14 years  Answer
27482,long,short,4,8.9375,hf-001869,hf-001869:qwen2p5_7b:unconstrained_sample_pool:candidate_02,145,▁next,= Amount from first 8 weeks + Amount from next 6 weeks    - Total amount saved =
27482,long,short,5,8.8125,hf-000584,hf-000584:qwen2p5_7b:unconstrained_sample_pool:candidate_15,153,▁(,4 (chocolate sauce) + 8 (buttercream frosting) = 12 cupcakes
27482,long,short,6,8.6875,hf-001295,hf-001295:qwen2p5_7b:unconstrained_sample_pool:candidate_13,205,from,from friends)} + \$5 \text{ (from relatives)} = \$25 \)  Answer:
27482,long,short,7,8.625,hf-000649,hf-000649:qwen2p5_7b:unconstrained_sample_pool:candidate_15,107,▁(,5 (Robert's pencils) + 2 (Melissa's pencils) = 10 pencils
27482,long,short,8,8.4375,hf-001605,hf-001605:qwen2p5_7b:unconstrained_sample_pool:candidate_09,174,▁ride,after accounting for those on the bus and those who ride their bikes.     Subtract the number of students who
27482,long,short,9,8.375,hf-001436,hf-001436:qwen2p5_7b:unconstrained_sample_pool:candidate_08,272,▁(,Charlie's instruments)} + 3 \text{ (Carli's instruments)} = 7 \text
27482,long,short,10,8.25,hf-001436,hf-001436:qwen2p5_7b:unconstrained_sample_pool:candidate_02,271,▁(,Charlie's instruments)} + 3 \text{ (Carli's instruments)} = 7 \text
27482,long,short,11,8.25,hf-001295,hf-001295:qwen2p5_7b:unconstrained_sample_pool:candidate_13,204,▁(,(from friends)} + \$5 \text{ (from relatives)} = \$25 \)  Answer
27482,long,short,12,8.1875,hf-000391,hf-000391:qwen2p5_7b:unconstrained_sample_pool:candidate_14,140,▁(,years (two additional degrees) + 2 years (graduate degree) = 14 years.  Answer
493,short,short,1,10.625,hf-000654,hf-000654:qwen2p5_7b:unconstrained_sample_pool:candidate_15,186,Answer,72 = 96\) pennies.  Answer: 96
493,short,short,2,10.625,hf-001285,hf-001285:qwen2p5_7b:unconstrained_sample_pool:candidate_12,175,Answer,0 + 40 = 60.  Answer: 60
493,short,short,3,10.5625,hf-001200,hf-001200:qwen2p5_7b:unconstrained_sample_pool:candidate_12,221,Answer,00 \text{ minutes}    \]  Answer: 200 minutes
493,short,short,4,10.5625,hf-000654,hf-000654:qwen2p5_7b:unconstrained_sample_pool:candidate_09,194,Answer,+ 72 = 96 \).  Answer: 96
493,short,short,5,10.5625,hf-001458,hf-001458:qwen2p5_7b:unconstrained_sample_pool:candidate_08,215,Answer,+ $18 = $108.  Answer: $108
493,short,short,6,10.5625,hf-001545,hf-001545:qwen2p5_7b:unconstrained_sample_pool:candidate_08,195,Answer,0 + $30 = $70.  Answer: $70.
493,short,short,7,10.5,hf-001200,hf-001200:qwen2p5_7b:unconstrained_sample_pool:candidate_07,187,Answer,00 \text{ minutes}    \]  Answer: 200
493,short,short,8,10.5,hf-000654,hf-000654:qwen2p5_7b:unconstrained_sample_pool:candidate_02,190,Answer,+ 72 = 96\).  Answer: 96
493,short,short,9,10.5,hf-001285,hf-001285:qwen2p5_7b:unconstrained_sample_pool:candidate_07,186,Answer,0 + 40 = 60  Answer: 60
493,short,short,10,10.5,hf-001545,hf-001545:qwen2p5_7b:unconstrained_sample_pool:candidate_04,215,Answer,0 + $30 = $70.  Answer: $70.
493,short,short,11,10.5,hf-000113,hf-000113:qwen2p5_7b:unconstrained_sample_pool:candidate_01,208,Answer,40 = 60\) marbles.  Answer: 60
493,short,short,12,10.5,hf-000625,hf-000625:qwen2p5_7b:unconstrained_sample_pool:candidate_08,182,Answer,28 = 42    \]  Answer: 42
3240,short,short,1,22.0,hf-001433,hf-001433:qwen2p5_7b:unconstrained_sample_pool:candidate_10,183,Answer,465 home runs in his career.  Answer: 465
3240,short,short,2,21.75,hf-000493,hf-000493:qwen2p5_7b:unconstrained_sample_pool:candidate_09,199,Answer,the party expenses is $4500.  Answer: $4500
3240,short,short,3,21.75,hf-001739,hf-001739:qwen2p5_7b:unconstrained_sample_pool:candidate_07,229,Answer,25 students can go on the field trip.  Answer: 25 students
3240,short,short,4,21.75,hf-000294,hf-000294:qwen2p5_7b:unconstrained_sample_pool:candidate_06,159,Answer,we find that Phillip has $50 left.  Answer: $50
3240,short,short,5,21.75,hf-001918,hf-001918:qwen2p5_7b:unconstrained_sample_pool:candidate_08,234,Answer,ball will reach a height of 3 feet.  Answer: 3 feet
3240,short,short,6,21.75,hf-000054,hf-000054:qwen2p5_7b:unconstrained_sample_pool:candidate_04,217,Answer,", the amount Leah lost is $11.  Answer: 11"
3240,short,short,7,21.625,hf-000737,hf-000737:qwen2p5_7b:unconstrained_sample_pool:candidate_05,203,Answer,will have after the purchase is $15.  Answer: $15
3240,short,short,8,21.625,hf-001106,hf-001106:qwen2p5_7b:unconstrained_sample_pool:candidate_13,278,Answer,of the older friend is 38 years.  Answer: 38
3240,short,short,9,21.625,hf-001312,hf-001312:qwen2p5_7b:unconstrained_sample_pool:candidate_12,276,Answer,the cost of one printer is $70.  Answer: $70
3240,short,short,10,21.625,hf-000113,hf-000113:qwen2p5_7b:unconstrained_sample_pool:candidate_13,223,Answer,z ends up with 60 marbles.  Answer: 60
3240,short,short,11,21.625,hf-000737,hf-000737:qwen2p5_7b:unconstrained_sample_pool:candidate_13,201,Answer,will have after the purchase is $15.  Answer: $15.
3240,short,short,12,21.5,hf-000610,hf-000610:qwen2p5_7b:unconstrained_sample_pool:candidate_14,184,Answer,640 pies are not eaten with forks.  Answer: 640
7541,short,short,1,9.3125,hf-001241,hf-001241:qwen2p5_7b:unconstrained_sample_pool:candidate_06,282,Answer,"0 \, \text{kg} \]  Answer: 86400 kg"
7541,short,short,2,9.3125,hf-001241,hf-001241:qwen2p5_7b:unconstrained_sample_pool:candidate_11,284,Answer,"0 \, \text{kg} \]  Answer: 86400 kg"
7541,short,short,3,9.25,hf-000536,hf-000536:qwen2p5_7b:unconstrained_sample_pool:candidate_08,239,Answer,{Total votes} = 60 \]  Answer: 60
7541,short,short,4,9.25,hf-000072,hf-000072:qwen2p5_7b:unconstrained_sample_pool:candidate_14,215,Answer,54 \text{ cubic feet} \]  Answer: 54 cubic feet
7541,short,short,5,9.25,hf-001787,hf-001787:qwen2p5_7b:unconstrained_sample_pool:candidate_15,199,Answer,24 minutes = 39 minutes.  Answer: 39
7541,short,short,6,9.1875,hf-000140,hf-000140:qwen2p5_7b:unconstrained_sample_pool:candidate_01,276,Answer,25 = 148\]  Answer: 148
7541,short,short,7,9.1875,hf-001200,hf-001200:qwen2p5_7b:unconstrained_sample_pool:candidate_04,177,Answer,200 \text{ minutes} \]  Answer: 200
7541,short,short,8,9.125,hf-000140,hf-000140:qwen2p5_7b:unconstrained_sample_pool:candidate_07,274,Answer,25 = 148 \]  Answer: 148
7541,short,short,9,9.125,hf-001918,hf-001918:qwen2p5_7b:unconstrained_sample_pool:candidate_13,256,Answer,}{2} = 3 \) feet  Answer: The ball will bounce to a height of
7541,short,short,10,9.125,hf-001918,hf-001918:qwen2p5_7b:unconstrained_sample_pool:candidate_14,212,Answer,}{2} = 3 \) feet  Answer: 3 feet
7541,short,short,11,9.125,hf-000536,hf-000536:qwen2p5_7b:unconstrained_sample_pool:candidate_01,267,Answer,Total votes} = 60 \]  Answer: 60
7541,short,short,12,9.125,hf-001314,hf-001314:qwen2p5_7b:unconstrained_sample_pool:candidate_03,223,Answer,= 2 \text{ hours} \]  Answer: 2
10807,short,short,1,9.9375,hf-000294,hf-000294:qwen2p5_7b:unconstrained_sample_pool:candidate_06,159,Answer,we find that Phillip has $50 left.  Answer: $50
10807,short,short,2,9.8125,hf-001433,hf-001433:qwen2p5_7b:unconstrained_sample_pool:candidate_10,183,Answer,465 home runs in his career.  Answer: 465
10807,short,short,3,9.8125,hf-000807,hf-000807:qwen2p5_7b:unconstrained_sample_pool:candidate_01,183,Answer,"]  So, David is 7 years old.  Answer: 7"
10807,short,short,4,9.8125,hf-001106,hf-001106:qwen2p5_7b:unconstrained_sample_pool:candidate_13,278,Answer,of the older friend is 38 years.  Answer: 38
10807,short,short,5,9.8125,hf-001794,hf-001794:qwen2p5_7b:unconstrained_sample_pool:candidate_01,180,Answer,"Therefore, Joshua's share is $30.  Answer: Joshua's share is $30."
10807,short,short,6,9.8125,hf-001840,hf-001840:qwen2p5_7b:unconstrained_sample_pool:candidate_13,291,Answer,4 \text{ nickels} \]  Answer: 4
10807,short,short,7,9.75,hf-000086,hf-000086:qwen2p5_7b:unconstrained_sample_pool:candidate_02,169,Answer,"So, Peter bought 6 ounces of soda.  Answer: 6"
10807,short,short,8,9.75,hf-001433,hf-001433:qwen2p5_7b:unconstrained_sample_pool:candidate_04,190,Answer,465 home runs in his career.  Answer: 465
10807,short,short,9,9.75,hf-001947,hf-001947:qwen2p5_7b:unconstrained_sample_pool:candidate_00,162,Answer,54 \text{ jellybeans} \]  Answer: 54
10807,short,short,10,9.75,hf-001775,hf-001775:qwen2p5_7b:unconstrained_sample_pool:candidate_06,194,Answer,16 = 28 \]  Answer: 28
10807,short,short,11,9.75,hf-001947,hf-001947:qwen2p5_7b:unconstrained_sample_pool:candidate_12,153,Answer,+ 18 = 54 \]  Answer: 54
10807,short,short,12,9.6875,hf-000086,hf-000086:qwen2p5_7b:unconstrained_sample_pool:candidate_15,166,Answer,"So, Peter bought 6 ounces of soda.  Answer: 6"
11983,short,short,1,6.40625,hf-001753,hf-001753:qwen2p5_7b:unconstrained_sample_pool:candidate_13,231,Answer,times 4 = 24\) dollars.  Answer: $24.00
11983,short,short,2,6.40625,hf-000737,hf-000737:qwen2p5_7b:unconstrained_sample_pool:candidate_05,203,Answer,will have after the purchase is $15.  Answer: $15
11983,short,short,3,6.40625,hf-000054,hf-000054:qwen2p5_7b:unconstrained_sample_pool:candidate_04,217,Answer,", the amount Leah lost is $11.  Answer: 11"
11983,short,short,4,6.34375,hf-000493,hf-000493:qwen2p5_7b:unconstrained_sample_pool:candidate_09,199,Answer,the party expenses is $4500.  Answer: $4500
11983,short,short,5,6.34375,hf-001210,hf-001210:qwen2p5_7b:unconstrained_sample_pool:candidate_07,193,Answer,produced by 6 turtles is 48.  Answer: 48
11983,short,short,6,6.34375,hf-001415,hf-001415:qwen2p5_7b:unconstrained_sample_pool:candidate_02,154,Answer,94 \text{ dollars}    \]  Answer: 294
11983,short,short,7,6.34375,hf-000737,hf-000737:qwen2p5_7b:unconstrained_sample_pool:candidate_13,201,Answer,will have after the purchase is $15.  Answer: $15.
11983,short,short,8,6.34375,hf-001861,hf-001861:qwen2p5_7b:unconstrained_sample_pool:candidate_07,179,Answer,times 4 = 400 \).  Answer: 400
11983,short,short,9,6.3125,hf-001177,hf-001177:qwen2p5_7b:unconstrained_sample_pool:candidate_02,131,Answer,/week = $640/week.  Answer: $640
11983,short,short,10,6.3125,hf-001881,hf-001881:qwen2p5_7b:unconstrained_sample_pool:candidate_01,143,Answer,4 = 140 \) berries.  Answer: 140
11983,short,short,11,6.3125,hf-001466,hf-001466:qwen2p5_7b:unconstrained_sample_pool:candidate_05,142,Answer,10 = 600\) times.  Answer: 600
11983,short,short,12,6.28125,hf-000086,hf-000086:qwen2p5_7b:unconstrained_sample_pool:candidate_15,166,Answer,"So, Peter bought 6 ounces of soda.  Answer: 6"
26100,short,short,1,11.1875,hf-000035,hf-000035:qwen2p5_7b:unconstrained_sample_pool:candidate_11,180,Answer,students got a final grade of B and above.  Answer: 36
26100,short,short,2,11.0625,hf-000610,hf-000610:qwen2p5_7b:unconstrained_sample_pool:candidate_14,184,Answer,640 pies are not eaten with forks.  Answer: 640
26100,short,short,3,11.0625,hf-000678,hf-000678:qwen2p5_7b:unconstrained_sample_pool:candidate_02,192,Answer,32 seconds to catch up to the ball.  Answer: 32 seconds
26100,short,short,4,11.0625,hf-000384,hf-000384:qwen2p5_7b:unconstrained_sample_pool:candidate_03,191,Answer,", Nico read 19 pages on Wednesday.  Answer: 19"
26100,short,short,5,10.9375,hf-000026,hf-000026:qwen2p5_7b:unconstrained_sample_pool:candidate_12,226,Answer,will get 400 ml of salt.  Answer: 400 ml
26100,short,short,6,10.9375,hf-001522,hf-001522:qwen2p5_7b:unconstrained_sample_pool:candidate_10,220,Answer,eggs to use up 6 cups of flour.  Answer: 9
26100,short,short,7,10.875,hf-001522,hf-001522:qwen2p5_7b:unconstrained_sample_pool:candidate_00,216,Answer,to use up the 6 cups of flour.  Answer: 9
26100,short,short,8,10.8125,hf-000026,hf-000026:qwen2p5_7b:unconstrained_sample_pool:candidate_07,215,Answer,will get 400 ml of salt.  Answer: 400 ml
26100,short,short,9,10.8125,hf-001478,hf-001478:qwen2p5_7b:unconstrained_sample_pool:candidate_10,155,Answer,of the tennis racket is $300.  Answer: $300
26100,short,short,10,10.8125,hf-000035,hf-000035:qwen2p5_7b:unconstrained_sample_pool:candidate_10,223,Answer,students got a final grade of B and above.  Answer: 36
26100,short,short,11,10.75,hf-001634,hf-001634:qwen2p5_7b:unconstrained_sample_pool:candidate_10,261,Answer,ade to make a profit of $80.  Answer: 50
26100,short,short,12,10.75,hf-001918,hf-001918:qwen2p5_7b:unconstrained_sample_pool:candidate_08,234,Answer,ball will reach a height of 3 feet.  Answer: 3 feet
3934,long,short,1,11.125,hf-000316,hf-000316:qwen2p5_7b:unconstrained_sample_pool:candidate_04,146,[\n,step 1 to the original price:      \[      220 + 33 =
3934,long,short,2,11.0,hf-001433,hf-001433:qwen2p5_7b:unconstrained_sample_pool:candidate_10,155,[\n,30}{2}    \]    \[    D = 465    \
3934,long,short,3,10.875,hf-000969,hf-000969:qwen2p5_7b:unconstrained_sample_pool:candidate_03,167,[\n,frogs    - Adding these together:      \[      45 + 36 =
3934,long,short,4,10.6875,hf-000316,hf-000316:qwen2p5_7b:unconstrained_sample_pool:candidate_08,141,[\n,is the original price plus the increase:      \[      \text{New Price} = 2
3934,long,short,5,10.5,hf-001496,hf-001496:qwen2p5_7b:unconstrained_sample_pool:candidate_07,124,[\n,the 8 bones she currently has:    \[    8 - 2 = 6
3934,long,short,6,10.0625,hf-001528,hf-001528:qwen2p5_7b:unconstrained_sample_pool:candidate_12,124,[\n,amount of money she still needs is:      \[      65 - 55 =
3934,long,short,7,10.0,hf-001775,hf-001775:qwen2p5_7b:unconstrained_sample_pool:candidate_05,172,[\n,.    - Adding these together gives:      \[      12 + 16 =
3934,long,short,8,9.9375,hf-000969,hf-000969:qwen2p5_7b:unconstrained_sample_pool:candidate_14,171,[\n,- The total number of frogs is:      \[      45 + 36 =
3934,long,short,9,9.8125,hf-000546,hf-000546:qwen2p5_7b:unconstrained_sample_pool:candidate_06,169,[\n,Gifts on 13th birthday      \[      20 + 12 =
3934,long,short,10,9.8125,hf-001496,hf-001496:qwen2p5_7b:unconstrained_sample_pool:candidate_09,113,[\n,the stolen bones from her current total:    \[    8 - 2 = 6
3934,long,short,11,9.8125,hf-001839,hf-001839:qwen2p5_7b:unconstrained_sample_pool:candidate_13,248,[\n,key and the weight of the elephant:      \[      6000 \text{ pounds
3934,long,short,12,9.75,hf-001739,hf-001739:qwen2p5_7b:unconstrained_sample_pool:candidate_07,196,[\n,remaining budget by the cost per student:    \[    \frac{250}{10
